{
    "Water Plaque Score with 10% More Density": 15.0,
    "Operating Hours adjusted Water Use": 1.9859285031406599,
    "Close Building 3 in Reference Set": {
        "Gallons per Occupant": 4.58764705882353,
        "Gallons per SF": 0.004174115027670438,
        "Name": "Santa Maria",
        "Density": 1099.070588235294,
        "Gallons": 389.95,
        "Square Footage": 93421.0,
        "Building Distance": 1.3283196040176197,
        "Score": 100,
        "Occupancy": 85.0
    },
    "Water Reference Set Closeness Score (out of 100)": 0,
    "Water Plaque Score with 10% More Density and 10% Lower Emissions": 15.0,
    "Adjusted Gallons per SF": 2.6920543623975327e-05,
    "Water Reference Set Closeness": "Poor",
    "Water Plaque Score": 15.0,
    "Raw Water Use (gallons/day)": 2.3334677419354839,
    "Months of Water Data": 8,
    "Adjusted Gallons per Occupant": 0.086344717527854775,
    "Close Building 5 in Reference Set": {
        "Gallons per Occupant": 114.50282608695652,
        "Gallons per SF": 0.1580510419948688,
        "Name": "Yuba City",
        "Density": 724.4673913043479,
        "Gallons": 10534.26,
        "Square Footage": 66651.0,
        "Building Distance": 1.3900038385572646,
        "Score": 0,
        "Occupancy": 92.0
    },
    "Close Building 1 in Reference Set": {
        "Gallons per Occupant": 72.71511904761904,
        "Gallons per SF": 0.06602962002053943,
        "Name": "Vallejo",
        "Density": 1101.25,
        "Gallons": 6108.07,
        "Square Footage": 92505.0,
        "Building Distance": 1.3149437477897825,
        "Score": 15,
        "Occupancy": 84.0
    },
    "Water Score (out of 100)": 100.0,
    "Close Building 2 in Reference Set": {
        "Gallons per Occupant": 9.344285714285714,
        "Gallons per SF": 0.008483145460244037,
        "Name": "Chico",
        "Density": 1101.5119047619048,
        "Gallons": 784.92,
        "Square Footage": 92527.0,
        "Building Distance": 1.3149846950465482,
        "Score": 85,
        "Occupancy": 84.0
    },
    "Close Building 4 in Reference Set": {
        "Gallons per Occupant": 89.44964705882353,
        "Gallons per SF": 0.080150323628007,
        "Name": "Fresno North",
        "Density": 1116.0235294117647,
        "Gallons": 7603.22,
        "Square Footage": 94862.0,
        "Building Distance": 1.3311262983729004,
        "Score": 10,
        "Occupancy": 85.0
    },
    "Water Score Uncertainty": 1000,
    "Water Plaque Score with 10% Lower Emissions": 15.0,
    "Water Plaque Score with 20% Lower Emissions": 15.0,
    "Water Plaque Score with 30% More Density and 30% Lower Emissions": 15.0,
    "Water Plaque Score with 50% Lower Emissions": 15.0,
    "Water Plaque Score with 30% More Density": 15.0
}